hex_id,geometry,node_street_count,node_crossing,node_give_way,node_milestone,node_mini_roundabout,node_motorway_junction,node_stop,node_traffic_signals,node_traffic_signals;crossing,node_trailhead,node_turning_circle,node_turning_loop,hex_neighbors_0_ids,hex_neighbors_1_ids,hex_neighbors_2_ids,neighbor_1_node_street_count,neighbor_1_node_crossing,neighbor_1_node_give_way,neighbor_1_node_milestone,neighbor_1_node_mini_roundabout,neighbor_1_node_motorway_junction,neighbor_1_node_stop,neighbor_1_node_traffic_signals,neighbor_1_node_trailhead,neighbor_1_node_turning_circle,neighbor_1_node_turning_loop,neighbor_1_count,neighbor_2_node_street_count,neighbor_2_node_crossing,neighbor_2_node_give_way,neighbor_2_node_milestone,neighbor_2_node_mini_roundabout,neighbor_2_node_motorway_junction,neighbor_2_node_stop,neighbor_2_node_traffic_signals,neighbor_2_node_trailhead,neighbor_2_node_turning_circle,neighbor_2_node_turning_loop,neighbor_2_count,neighbor_1_node_street_count_ave,neighbor_1_node_crossing_ave,neighbor_1_node_give_way_ave,neighbor_1_node_milestone_ave,neighbor_1_node_mini_roundabout_ave,neighbor_1_node_motorway_junction_ave,neighbor_1_node_stop_ave,neighbor_1_node_traffic_signals_ave,neighbor_1_node_trailhead_ave,neighbor_1_node_turning_circle_ave,neighbor_1_node_turning_loop_ave,neighbor_2_node_street_count_ave,neighbor_2_node_crossing_ave,neighbor_2_node_give_way_ave,neighbor_2_node_milestone_ave,neighbor_2_node_mini_roundabout_ave,neighbor_2_node_motorway_junction_ave,neighbor_2_node_stop_ave,neighbor_2_node_traffic_signals_ave,neighbor_2_node_trailhead_ave,neighbor_2_node_turning_circle_ave,neighbor_2_node_turning_loop_ave,CITY_NAME,CITY_TYPE,CITY_LABEL,FEAT_TYPE,DISTRICT,edge_speed_kph_max,edge_speek_kph_min,edge_lanes_max,edge_lanes_min,edge_motorway_id,edge_motorway_link_id,edge_living_street_id,edge_bridge_id,edge_oneway_id,edge_tunnel_id,valid_accident_location_filter,collisions_neighbor_0_2014,collisions_neighbor_0_2015,collisions_neighbor_0_2016,collisions_neighbor_0_2017,collisions_neighbor_0_2018,collisions_neighbor_0_2019,collisions_neighbor_0_2020,collisions_neighbor_1_2014,collisions_neighbor_1_2015,collisions_neighbor_1_2016,collisions_neighbor_1_2017,collisions_neighbor_1_2018,collisions_neighbor_1_2019,collisions_neighbor_1_2020,collisions_neighbor_2_2014,collisions_neighbor_2_2015,collisions_neighbor_2_2016,collisions_neighbor_2_2017,collisions_neighbor_2_2018,collisions_neighbor_2_2019,collisions_neighbor_2_2020
8829a578d7fffff,"POLYGON ((-13153673.53878846 3993468.164021892, -13154318.09489185 3993665.080949858, -13154456.14511298 3994326.466460237, -13153949.59765182 3994790.972251582, -13153304.98807198 3994594.038117911, -13153166.97943418 3993932.615402441, -13153673.53878846 3993468.164021892))",0.0,0.0,0.0,0.0,0.0,0.0,0.0,0.0,,0.0,0.0,0.0,['8829a578d7fffff'],"['8829a578d1fffff', '8829a5789dfffff', '8829a578d3fffff', '8829a578d5fffff', '8829a5788bfffff', '8829a578d7fffff', '8829a57899fffff']","['8829a578d1fffff', '8829a578ddfffff', '8829a5789bfffff', '8829a5788bfffff', '8829a57883fffff', '8829a578c3fffff', '8829a57881fffff', '8829a5789dfffff', '8829a578d3fffff', '8829a57895fffff', '8829a578d5fffff', '8829a578d7fffff', '8829a57899fffff', '8829a5632dfffff', '8829a578d9fffff', '8829a578dbfffff', '8829a56325fffff', '8829a57889fffff', '8829a57891fffff']",0.0,0.0,0.0,0.0,0.0,0.0,0.0,0.0,0.0,0.0,0.0,1,0.0,0.0,0.0,0.0,0.0,0.0,0.0,0.0,0.0,0.0,0.0,1,0.0,0.0,0.0,0.0,0.0,0.0,0.0,0.0,0.0,0.0,0.0,0.0,0.0,0.0,0.0,0.0,0.0,0.0,0.0,0.0,0.0,0.0,Long Beach,City,Long Beach,Land,4,,,,,,,,,,,False,,,,,,,,,,,,,,,7.0,2.0,2.0,6.0,4.0,4.0,6.0
8829a56041fffff,"POLYGON ((-13164860.02405168 3995023.097878643, -13165504.48914769 3995219.33347436, -13165642.98117758 3995880.471016171, -13165136.96666985 3996345.410378391, -13164492.44798204 3996149.157808786, -13164353.9973982 3995487.982854665, -13164860.02405168 3995023.097878643))",3.0,0.0,0.0,0.0,0.0,1.0,0.0,0.0,0.0,0.0,0.0,0.0,['8829a56041fffff'],"['8829a5604bfffff', '8829a56043fffff', '8829a56049fffff', '8829a56047fffff', '8829a56041fffff', '8829a56045fffff', '8829a5604dfffff']","['8829a56049fffff', '8829a56227fffff', '8829a56047fffff', '8829a5600dfffff', '8829a56237fffff', '8829a5604dfffff', '8829a5604bfffff', '8829a56223fffff', '8829a56045fffff', '8829a56313fffff', '8829a5606bfffff', '8829a56009fffff', '8829a56043fffff', '8829a56069fffff', '8829a56041fffff', '8829a56235fffff', '8829a5631bfffff', '8829a5605dfffff', '8829a56055fffff']",16.0,0.0,0.0,0.0,0.0,3.0,0.0,0.0,0.0,0.0,0.0,5,39.0,0.0,0.0,0.0,0.0,8.0,4.0,13.0,0.0,0.0,0.0,12,3.2,0.0,0.0,0.0,0.0,0.6,0.0,0.0,0.0,0.0,0.0,3.25,0.0,0.0,0.0,0.0,0.6666666666666666,0.3333333333333333,1.0833333333333333,0.0,0.0,0.0,Los Angeles,City,Los Angeles,Land,4,95.5,101.7,3.0,2.0,True,True,False,True,True,False,True,3.0,2.0,2.0,6.0,1.0,3.0,2.0,13.0,14.0,17.0,22.0,9.0,12.0,10.0,43.0,60.0,50.0,56.0,46.0,40.0,36.0
8829a56069fffff,"POLYGON ((-13162558.88747591 3995560.161469696, -13163203.4083719 3995756.533350404, -13163341.81749317 3996417.745697288, -13162835.66424381 3996882.623540496, -13162191.08977354 3996686.23463555, -13162052.72213135 3996024.984915456, -13162558.88747591 3995560.161469696))",5.0,0.0,0.0,0.0,0.0,2.0,0.0,4.0,0.0,0.0,0.0,0.0,['8829a56069fffff'],"['8829a56317fffff', '8829a5606bfffff', '8829a56061fffff', '8829a56069fffff', '8829a5606dfffff', '8829a56045fffff', '8829a56313fffff']","['8829a5633bfffff', '8829a56315fffff', '8829a56047fffff', '8829a56067fffff', '8829a56061fffff', '8829a56065fffff', '8829a5600dfffff', '8829a56063fffff', '8829a5604dfffff', '8829a56311fffff', '8829a56045fffff', '8829a56313fffff', '8829a56317fffff', '8829a5606bfffff', '8829a56069fffff', '8829a56041fffff', '8829a5631bfffff', '8829a5606dfffff', '8829a56333fffff']",15.0,0.0,0.0,0.0,0.0,6.0,0.0,4.0,0.0,0.0,0.0,4,31.0,0.0,0.0,0.0,0.0,9.0,1.0,6.0,0.0,0.0,0.0,12,3.75,0.0,0.0,0.0,0.0,1.5,0.0,1.0,0.0,0.0,0.0,2.5833333333333335,0.0,0.0,0.0,0.0,0.75,0.08333333333333333,0.5,0.0,0.0,0.0,Long Beach,City,Long Beach,Land,4,95.5,101.7,4.0,1.0,True,True,False,True,True,False,True,4.0,3.0,5.0,7.0,0.0,1.0,5.0,14.0,10.0,19.0,17.0,7.0,9.0,9.0,24.0,21.0,30.0,29.0,17.0,26.0,20.0
8829a5622dfffff,"POLYGON ((-13164029.46939622 3991056.511409723, -13164673.77604134 3991252.815305886, -13164812.19977103 3991913.86508851, -13164306.27542506 3992378.648360134, -13163661.91522416 3992182.327484683, -13163523.53292946 3991521.240320713, -13164029.46939622 3991056.511409723))",0.0,0.0,0.0,0.0,0.0,0.0,0.0,0.0,,0.0,0.0,0.0,['8829a5622dfffff'],"['8829a56353fffff', '8829a56225fffff', '8829a5622dfffff', '8829a56221fffff', '8829a56229fffff', '8829a56267fffff', '8829a5635bfffff']","['8829a56353fffff', '8829a56227fffff', '8829a56221fffff', '8829a56265fffff', '8829a56205fffff', '8829a56357fffff', '8829a56359fffff', '8829a5622bfffff', '8829a56225fffff', '8829a56319fffff', '8829a56223fffff', '8829a56267fffff', '8829a5635bfffff', '8829a56351fffff', '8829a56261fffff', '8829a5622dfffff', '8829a56229fffff', '8829a5631bfffff', '8829a56263fffff']",0.0,0.0,0.0,0.0,0.0,0.0,0.0,0.0,0.0,0.0,0.0,2,3.0,0.0,0.0,0.0,0.0,0.0,0.0,0.0,0.0,0.0,0.0,3,0.0,0.0,0.0,0.0,0.0,0.0,0.0,0.0,0.0,0.0,0.0,1.0,0.0,0.0,0.0,0.0,0.0,0.0,0.0,0.0,0.0,0.0,Los Angeles,City,Los Angeles,Land,4,38.6,38.6,4.0,4.0,False,False,False,True,True,False,True,,,,,,,,,,,,,,,2.0,2.0,3.0,1.0,2.0,2.0,2.0
8829a56049fffff,"POLYGON ((-13165227.5392463 3993897.102242562, -13165871.95075513 3994093.320875625, -13166010.44642112 3994754.417782451, -13165504.48914769 3995219.33347436, -13164860.02405168 3995023.097878643, -13164721.56982072 3994361.963557482, -13165227.5392463 3993897.102242562))",3.0,0.0,0.0,0.0,0.0,0.0,0.0,0.0,,0.0,0.0,0.0,['8829a56049fffff'],"['8829a5604bfffff', '8829a56049fffff', '8829a56227fffff', '8829a56041fffff', '8829a56223fffff', '8829a56235fffff', '8829a5604dfffff']","['8829a56049fffff', '8829a56227fffff', '8829a56221fffff', '8829a5623dfffff', '8829a56047fffff', '8829a56237fffff', '8829a56231fffff', '8829a5604dfffff', '8829a5604bfffff', '8829a5622bfffff', '8829a56225fffff', '8829a56223fffff', '8829a56045fffff', '8829a56313fffff', '8829a56043fffff', '8829a56041fffff', '8829a56235fffff', '8829a5631bfffff', '8829a5605dfffff']",12.0,0.0,0.0,0.0,0.0,1.0,0.0,0.0,0.0,0.0,0.0,4,34.0,0.0,0.0,0.0,0.0,6.0,15.0,8.0,0.0,0.0,0.0,11,3.0,0.0,0.0,0.0,0.0,0.25,0.0,0.0,0.0,0.0,0.0,3.090909090909091,0.0,0.0,0.0,0.0,0.5454545454545454,1.3636363636363635,0.7272727272727273,0.0,0.0,0.0,Los Angeles,City,Los Angeles,Land,4,80.0,38.6,6.0,2.0,True,False,False,True,True,False,True,0.0,0.0,0.0,4.0,1.0,2.0,2.0,14.0,18.0,17.0,22.0,16.0,14.0,11.0,106.0,121.0,125.0,108.0,114.0,120.0,74.0
8829a56313fffff,"POLYGON ((-13162926.62427667 3994434.152539429, -13163571.09160302 3994630.507407144, -13163709.50438243 3995291.679123097, -13163203.4083719 3995756.533350404, -13162558.88747591 3995560.161469696, -13162420.51616454 3994898.952378494, -13162926.62427667 3994434.152539429))",3.0,0.0,0.0,0.0,0.0,0.0,0.0,0.0,,0.0,0.0,0.0,['8829a56313fffff'],"['8829a56317fffff', '8829a5604dfffff', '8829a56069fffff', '8829a5631bfffff', '8829a56045fffff', '8829a56311fffff', '8829a56313fffff']","['8829a5633bfffff', '8829a56049fffff', '8829a56227fffff', '8829a56315fffff', '8829a56047fffff', '8829a56061fffff', '8829a5604dfffff', '8829a56311fffff', '8829a56225fffff', '8829a56319fffff', '8829a56045fffff', '8829a56313fffff', '8829a5631dfffff', '8829a56317fffff', '8829a5606bfffff', '8829a56069fffff', '8829a56041fffff', '8829a5631bfffff', '8829a5606dfffff']",14.0,0.0,0.0,0.0,0.0,4.0,0.0,4.0,0.0,0.0,0.0,5,27.0,0.0,0.0,0.0,0.0,7.0,0.0,4.0,0.0,0.0,0.0,9,2.8,0.0,0.0,0.0,0.0,0.8,0.0,0.8,0.0,0.0,0.0,3.0,0.0,0.0,0.0,0.0,0.7777777777777778,0.0,0.4444444444444444,0.0,0.0,0.0,Long Beach,City,Long Beach,Land,4,95.5,38.6,7.0,3.0,False,True,False,True,True,False,True,1.0,0.0,2.0,1.0,1.0,3.0,1.0,13.0,11.0,19.0,16.0,7.0,12.0,9.0,18.0,15.0,24.0,31.0,12.0,19.0,15.0
8829a56065fffff,"POLYGON ((-13161040.26488576 3996954.62457746, -13161684.86718792 3997151.081669991, -13161823.23115691 3997812.372012216, -13161316.95132156 3998277.242617328, -13160672.29544929 3998080.768464119, -13160533.97298692 3997419.440770304, -13161040.26488576 3996954.62457746))",0.0,0.0,0.0,0.0,0.0,0.0,0.0,0.0,,0.0,0.0,0.0,['8829a56065fffff'],"['8829a56061fffff', '8829a56065fffff', '8829a5615bfffff', '8829a56159fffff', '8829a5606dfffff', '8829a56333fffff', '8829a56067fffff']","['8829a56337fffff', '8829a5633bfffff', '8829a56159fffff', '8829a56067fffff', '8829a56061fffff', '8829a56065fffff', '8829a5615bfffff', '8829a5602dfffff', '8829a56029fffff', '8829a56331fffff', '8829a56063fffff', '8829a56153fffff', '8829a56151fffff', '8829a5606bfffff', '8829a56317fffff', '8829a56069fffff', '8829a5615dfffff', '8829a5606dfffff', '8829a56333fffff']",16.0,0.0,0.0,0.0,0.0,5.0,1.0,0.0,0.0,0.0,0.0,6,47.0,0.0,0.0,0.0,0.0,15.0,10.0,15.0,0.0,0.0,0.0,14,2.6666666666666665,0.0,0.0,0.0,0.0,0.8333333333333334,0.16666666666666666,0.0,0.0,0.0,0.0,3.357142857142857,0.0,0.0,0.0,0.0,1.0714285714285714,0.7142857142857143,1.0714285714285714,0.0,0.0,0.0,Long Beach,City,Long Beach,Land,4,72.4,72.4,3.0,3.0,True,False,False,True,True,False,True,,,,,,,,5.0,5.0,7.0,5.0,6.0,3.0,3.0,29.0,31.0,55.0,46.0,40.0,41.0,41.0
8829a56333fffff,"POLYGON ((-13160257.36220135 3996096.829284949, -13160901.93873915 3996293.337503727, -13161040.26488576 3996954.62457746, -13160533.97298692 3997419.440770304, -13159889.34289244 3997222.915476928, -13159751.05825792 3996561.591069132, -13160257.36220135 3996096.829284949))",3.0,0.0,0.0,0.0,0.0,0.0,0.0,0.0,,0.0,0.0,0.0,['8829a56333fffff'],"['8829a56337fffff', '8829a5633bfffff', '8829a56065fffff', '8829a56159fffff', '8829a56331fffff', '8829a5606dfffff', '8829a56333fffff']","['8829a56337fffff', '8829a5633bfffff', '8829a5633dfffff', '8829a56159fffff', '8829a56315fffff', '8829a56067fffff', '8829a56061fffff', '8829a56065fffff', '8829a5615bfffff', '8829a56331fffff', '8829a56339fffff', '8829a56335fffff', '8829a56151fffff', '8829a5614bfffff', '8829a56317fffff', '8829a56069fffff', '8829a5615dfffff', '8829a5606dfffff', '8829a56333fffff']",15.0,0.0,0.0,0.0,0.0,6.0,0.0,1.0,0.0,0.0,0.0,5,42.0,0.0,0.0,0.0,0.0,24.0,7.0,11.0,0.0,0.0,0.0,12,3.0,0.0,0.0,0.0,0.0,1.2,0.0,0.2,0.0,0.0,0.0,3.5,0.0,0.0,0.0,0.0,2.0,0.5833333333333334,0.9166666666666666,0.0,0.0,0.0,Long Beach,City,Long Beach,Land,4,72.4,40.7,3.0,3.0,True,False,False,True,True,False,True,2.0,2.0,4.0,1.0,1.0,0.0,1.0,8.0,2.0,13.0,8.0,8.0,5.0,8.0,29.0,19.0,49.0,40.0,29.0,37.0,28.0
8829a5635bfffff,"POLYGON ((-13163246.80246999 3990199.109936962, -13163891.08344847 3990395.464901676, -13164029.46939622 3991056.511409723, -13163523.53292946 3991521.240320713, -13162879.19840857 3991324.868362792, -13162740.8539013 3990663.7844909, -13163246.80246999 3990199.109936962))",0.0,0.0,0.0,0.0,0.0,0.0,0.0,0.0,,0.0,0.0,0.0,['8829a5635bfffff'],"['8829a56353fffff', '8829a56359fffff', '8829a5622dfffff', '8829a56265fffff', '8829a56267fffff', '8829a5635bfffff', '8829a56351fffff']","['8829a56353fffff', '8829a5635dfffff', '8829a56265fffff', '8829a56355fffff', '8829a56221fffff', '8829a571b3fffff', '8829a56357fffff', '8829a56359fffff', '8829a5626dfffff', '8829a56225fffff', '8829a56319fffff', '8829a56267fffff', '8829a5635bfffff', '8829a56351fffff', '8829a56261fffff', '8829a571b7fffff', '8829a5622dfffff', '8829a56229fffff', '8829a56263fffff']",0.0,0.0,0.0,0.0,0.0,0.0,0.0,0.0,0.0,0.0,0.0,2,0.0,0.0,0.0,0.0,0.0,0.0,0.0,0.0,0.0,0.0,0.0,2,0.0,0.0,0.0,0.0,0.0,0.0,0.0,0.0,0.0,0.0,0.0,0.0,0.0,0.0,0.0,0.0,0.0,0.0,0.0,0.0,0.0,0.0,Los Angeles,City,Los Angeles,Land,4,38.6,38.6,4.0,4.0,False,False,False,True,True,False,True,,,,,,,,,,,,,,,0.0,1.0,0.0,0.0,0.0,0.0,1.0
8829a56227fffff,"POLYGON ((-13164444.69550868 3993039.738793959, -13165089.08137224 3993236.008561119, -13165227.5392463 3993897.102242562, -13164721.56982072 3994361.963557482, -13164077.13038338 3994165.676813736, -13163938.71394984 3993504.54573547, -13164444.69550868 3993039.738793959))",3.0,0.0,0.0,0.0,0.0,0.0,0.0,0.0,,0.0,0.0,0.0,['8829a56227fffff'],"['8829a56049fffff', '8829a56227fffff', '8829a56225fffff', '8829a56223fffff', '8829a56221fffff', '8829a5631bfffff', '8829a5604dfffff']","['8829a56353fffff', '8829a56049fffff', '8829a56227fffff', '8829a56221fffff', '8829a5623dfffff', '8829a56311fffff', '8829a5604dfffff', '8829a5604bfffff', '8829a5622bfffff', '8829a56225fffff', '8829a56319fffff', '8829a56223fffff', '8829a56045fffff', '8829a56313fffff', '8829a56041fffff', '8829a5622dfffff', '8829a56235fffff', '8829a56229fffff', '8829a5631bfffff']",9.0,0.0,0.0,0.0,0.0,0.0,0.0,0.0,0.0,0.0,0.0,3,22.0,0.0,0.0,0.0,0.0,3.0,5.0,0.0,0.0,0.0,0.0,9,3.0,0.0,0.0,0.0,0.0,0.0,0.0,0.0,0.0,0.0,0.0,2.4444444444444446,0.0,0.0,0.0,0.0,0.3333333333333333,0.5555555555555556,0.0,0.0,0.0,0.0,Los Angeles,City,Los Angeles,Land,4,40.7,38.6,,,False,False,False,False,False,False,True,0.0,0.0,0.0,1.0,1.0,0.0,0.0,1.0,3.0,4.0,7.0,3.0,7.0,3.0,30.0,30.0,34.0,34.0,27.0,35.0,18.0
8829a5606dfffff,"POLYGON ((-13161408.17339467 3995828.544872341, -13162052.72213135 3996024.984915456, -13162191.08977354 3996686.23463555, -13161684.86718792 3997151.081669991, -13161040.26488576 3996954.62457746, -13160901.93873915 3996293.337503727, -13161408.17339467 3995828.544872341))",4.0,0.0,0.0,0.0,0.0,2.0,0.0,0.0,0.0,0.0,0.0,0.0,['8829a5606dfffff'],"['8829a56317fffff', '8829a5633bfffff', '8829a56061fffff', '8829a56065fffff', '8829a56069fffff', '8829a5606dfffff', '8829a56333fffff']","['8829a56337fffff', '8829a5633bfffff', '8829a56315fffff', '8829a56159fffff', '8829a56067fffff', '8829a56061fffff', '8829a56065fffff', '8829a5615bfffff', '8829a56331fffff', '8829a56063fffff', '8829a56311fffff', '8829a56339fffff', '8829a56045fffff', '8829a56313fffff', '8829a56317fffff', '8829a5606bfffff', '8829a56069fffff', '8829a5606dfffff', '8829a56333fffff']",12.0,0.0,0.0,0.0,0.0,4.0,0.0,4.0,0.0,0.0,0.0,4,32.0,0.0,0.0,0.0,0.0,12.0,1.0,5.0,0.0,0.0,0.0,12,3.0,0.0,0.0,0.0,0.0,1.0,0.0,1.0,0.0,0.0,0.0,2.6666666666666665,0.0,0.0,0.0,0.0,1.0,0.08333333333333333,0.4166666666666667,0.0,0.0,0.0,Long Beach,City,Long Beach,Land,4,95.5,40.7,4.0,1.0,True,True,False,True,True,False,True,1.0,0.0,1.0,1.0,2.0,1.0,1.0,8.0,6.0,12.0,11.0,3.0,3.0,7.0,22.0,14.0,33.0,25.0,15.0,14.0,17.0
8829a5604dfffff,"POLYGON ((-13164077.13038338 3994165.676813736, -13164721.56982072 3994361.963557482, -13164860.02405168 3995023.097878643, -13164353.9973982 3995487.982854665, -13163709.50438243 3995291.679123097, -13163571.09160302 3994630.507407144, -13164077.13038338 3994165.676813736))",3.0,0.0,0.0,0.0,0.0,0.0,0.0,0.0,,0.0,0.0,0.0,['8829a5604dfffff'],"['8829a56049fffff', '8829a56227fffff', '8829a56041fffff', '8829a5631bfffff', '8829a56045fffff', '8829a5604dfffff', '8829a56313fffff']","['8829a56049fffff', '8829a56227fffff', '8829a56221fffff', '8829a56047fffff', '8829a56311fffff', '8829a5604dfffff', '8829a5604bfffff', '8829a56225fffff', '8829a56319fffff', '8829a56223fffff', '8829a56045fffff', '8829a56313fffff', '8829a56317fffff', '8829a5606bfffff', '8829a56043fffff', '8829a56069fffff', '8829a56041fffff', '8829a56235fffff', '8829a5631bfffff']",18.0,0.0,0.0,0.0,0.0,3.0,0.0,0.0,0.0,0.0,0.0,6,27.0,0.0,0.0,0.0,0.0,5.0,0.0,4.0,0.0,0.0,0.0,9,3.0,0.0,0.0,0.0,0.0,0.5,0.0,0.0,0.0,0.0,0.0,3.0,0.0,0.0,0.0,0.0,0.5555555555555556,0.0,0.4444444444444444,0.0,0.0,0.0,Los Angeles,City,Los Angeles,Land,4,95.5,101.7,5.0,2.0,True,True,False,True,True,False,True,1.0,2.0,2.0,2.0,1.0,4.0,1.0,12.0,10.0,15.0,20.0,9.0,16.0,8.0,26.0,28.0,34.0,37.0,22.0,22.0,20.0
8829a56045fffff,"POLYGON ((-13163709.50438243 3995291.679123097, -13164353.9973982 3995487.982854665, -13164492.44798204 3996149.157808786, -13163986.36409198 3996614.066427922, -13163341.81749317 3996417.745697288, -13163203.4083719 3995756.533350404, -13163709.50438243 3995291.679123097))",3.0,0.0,0.0,0.0,0.0,2.0,0.0,0.0,0.0,0.0,0.0,0.0,['8829a56045fffff'],"['8829a5606bfffff', '8829a56069fffff', '8829a56047fffff', '8829a56041fffff', '8829a56045fffff', '8829a5604dfffff', '8829a56313fffff']","['8829a56049fffff', '8829a56227fffff', '8829a56047fffff', '8829a56061fffff', '8829a5600dfffff', '8829a56063fffff', '8829a56311fffff', '8829a5604dfffff', '8829a5604bfffff', '8829a56045fffff', '8829a56313fffff', '8829a5606bfffff', '8829a56317fffff', '8829a56009fffff', '8829a56043fffff', '8829a56069fffff', '8829a56041fffff', '8829a5631bfffff', '8829a5606dfffff']",17.0,0.0,0.0,0.0,0.0,5.0,0.0,4.0,0.0,0.0,0.0,5,39.0,0.0,0.0,0.0,0.0,7.0,3.0,10.0,0.0,0.0,0.0,13,3.4,0.0,0.0,0.0,0.0,1.0,0.0,0.8,0.0,0.0,0.0,3.0,0.0,0.0,0.0,0.0,0.5384615384615384,0.23076923076923078,0.7692307692307693,0.0,0.0,0.0,Los Angeles,City,Los Angeles,Land,4,95.5,101.7,5.0,1.0,True,True,False,True,True,False,True,7.0,6.0,9.0,6.0,4.0,3.0,2.0,16.0,13.0,20.0,23.0,7.0,14.0,11.0,24.0,24.0,30.0,39.0,21.0,27.0,27.0
8829a56311fffff,"POLYGON ((-13162143.80768062 3993576.578105842, -13162788.24930017 3993772.984083878, -13162926.62427667 3994434.152539429, -13162420.51616454 3994898.952378494, -13161776.02098874 3994702.529373545, -13161637.68748576 3994041.323560266, -13162143.80768062 3993576.578105842))",0.0,0.0,0.0,0.0,0.0,0.0,0.0,0.0,,0.0,0.0,0.0,['8829a56311fffff'],"['8829a56317fffff', '8829a56319fffff', '8829a56315fffff', '8829a5631bfffff', '8829a5631dfffff', '8829a56311fffff', '8829a56313fffff']","['8829a5633bfffff', '8829a56353fffff', '8829a56227fffff', '8829a56315fffff', '8829a56357fffff', '8829a5604dfffff', '8829a56311fffff', '8829a56339fffff', '8829a56225fffff', '8829a56319fffff', '8829a56045fffff', '8829a56313fffff', '8829a5631dfffff', '8829a56317fffff', '8829a56069fffff', '8829a56303fffff', '8829a5631bfffff', '8829a5606dfffff', '8829a5630bfffff']",3.0,0.0,0.0,0.0,0.0,0.0,0.0,0.0,0.0,0.0,0.0,2,21.0,0.0,0.0,0.0,0.0,6.0,0.0,4.0,0.0,0.0,0.0,7,1.5,0.0,0.0,0.0,0.0,0.0,0.0,0.0,0.0,0.0,0.0,3.0,0.0,0.0,0.0,0.0,0.8571428571428571,0.0,0.5714285714285714,0.0,0.0,0.0,Long Beach,City,Long Beach,Land,4,59.0,38.6,7.0,4.0,False,False,False,True,True,False,True,0.0,0.0,1.0,0.0,1.0,0.0,0.0,1.0,1.0,3.0,1.0,2.0,4.0,2.0,14.0,12.0,21.0,18.0,10.0,13.0,11.0
8829a578abfffff,"POLYGON ((-13149850.93741953 3995396.157702456, -13150495.62941259 3995593.296492631, -13150633.55105596 3996254.83418573, -13150126.73906698 3996719.270236526, -13149481.99361961 3996522.114153853, -13149344.11361997 3995860.539316734, -13149850.93741953 3995396.157702456))",5.0,0.0,0.0,0.0,0.0,0.0,0.0,0.0,,0.0,0.0,0.0,['8829a578abfffff'],"['8829a578a9fffff', '8829a578a1fffff', '8829a57887fffff', '8829a578a3fffff', '8829a578bdfffff', '8829a57885fffff', '8829a578abfffff']","['8829a578a1fffff', '8829a578a3fffff', '8829a578bdfffff', '8829a578a5fffff', '8829a57883fffff', '8829a578adfffff', '8829a578e7fffff', '8829a578a9fffff', '8829a57881fffff', '8829a578b5fffff', '8829a578b9fffff', '8829a578a7fffff', '8829a57887fffff', '8829a57885fffff', '8829a578e3fffff', '8829a578abfffff', '8829a578b1fffff', '8829a56a49fffff', '8829a5788dfffff']",11.0,0.0,0.0,0.0,2.0,0.0,0.0,2.0,0.0,0.0,0.0,2,31.0,0.0,0.0,0.0,6.0,0.0,8.0,6.0,0.0,0.0,0.0,8,5.5,0.0,0.0,0.0,1.0,0.0,0.0,1.0,0.0,0.0,0.0,3.875,0.0,0.0,0.0,0.75,0.0,1.0,0.75,0.0,0.0,0.0,Long Beach,City,Long Beach,Land,4,60.6,38.6,4.0,2.0,False,False,False,True,True,False,True,7.0,5.0,4.0,7.0,12.0,9.0,9.0,31.0,34.0,28.0,28.0,47.0,41.0,43.0,87.0,80.0,73.0,89.0,119.0,94.0,126.0
8829a150adfffff,"POLYGON ((-13130331.25663916 4093766.10227319, -13130980.45567198 4093963.997936365, -13131118.53090843 4094628.719328283, -13130607.36466701 4095095.58224719, -13129958.11166181 4094897.668560379, -13129820.0788749 4094232.909982277, -13130331.25663916 4093766.10227319))",3.0,0.0,0.0,0.0,0.0,0.0,0.0,0.0,,0.0,0.0,0.0,['8829a150adfffff'],"['8829a150a9fffff', '8829a150e7fffff', '8829a150a5fffff', '8829a150adfffff', '8829a151d3fffff', '8829a151dbfffff', '8829a150a1fffff']","['8829a151d9fffff', '8829a151dbfffff', '8829a150a3fffff', '8829a150e1fffff', '8829a150e3fffff', '8829a150abfffff', '8829a150adfffff', '8829a150e5fffff', '8829a1519bfffff', '8829a150e7fffff', '8829a151d3fffff', '8829a15199fffff', '8829a150a7fffff', '8829a150a9fffff', '8829a151d1fffff', '8829a150a5fffff', '8829a15085fffff', '8829a151d7fffff', '8829a150a1fffff']",15.0,0.0,0.0,0.0,0.0,0.0,0.0,0.0,0.0,0.0,0.0,7,42.0,0.0,0.0,0.0,0.0,0.0,0.0,0.0,0.0,0.0,0.0,19,2.142857142857143,0.0,0.0,0.0,0.0,0.0,0.0,0.0,0.0,0.0,0.0,2.210526315789474,0.0,0.0,0.0,0.0,0.0,0.0,0.0,0.0,0.0,0.0,Unincorporated,Unincorporated,CO,Land,5,40.7,40.7,,,False,False,False,False,False,False,True,,,,,,,,0.0,1.0,0.0,0.0,0.0,0.0,1.0,0.0,3.0,3.0,3.0,3.0,1.0,1.0
8829a1336dfffff,"POLYGON ((-13214629.23457127 4107321.285539372, -13215277.80065087 4107513.902312842, -13215419.23974844 4108176.751399561, -13214912.07136466 4108647.022478238, -13214263.45042513 4108454.389446138, -13214122.05273391 4107791.501597775, -13214629.23457127 4107321.285539372))",3.0,0.0,0.0,0.0,0.0,1.0,0.0,0.0,0.0,0.0,0.0,0.0,['8829a1336dfffff'],"['8829a13361fffff', '8829a13365fffff', '8829a106b3fffff', '8829a10697fffff', '8829a1336dfffff', '8829a106bbfffff', '8829a13369fffff']","['8829a13361fffff', '8829a104dbfffff', '8829a106b3fffff', '8829a106b1fffff', '8829a104d9fffff', '8829a106b7fffff', '8829a10695fffff', '8829a13367fffff', '8829a13369fffff', '8829a13365fffff', '8829a13345fffff', '8829a10691fffff', '8829a106b9fffff', '8829a1336bfffff', '8829a106bbfffff', '8829a10693fffff', '8829a10697fffff', '8829a1336dfffff', '8829a13363fffff']",6.0,0.0,0.0,0.0,0.0,1.0,0.0,0.0,0.0,0.0,0.0,7,10.0,0.0,0.0,0.0,0.0,2.0,0.0,0.0,0.0,0.0,0.0,19,0.8571428571428571,0.0,0.0,0.0,0.0,0.14285714285714285,0.0,0.0,0.0,0.0,0.0,0.5263157894736842,0.0,0.0,0.0,0.0,0.10526315789473684,0.0,0.0,0.0,0.0,0.0,Unincorporated,Unincorporated,CO,Land,5,104.6,104.6,4.0,4.0,True,False,False,False,True,False,True,2.0,3.0,0.0,0.0,1.0,4.0,3.0,3.0,3.0,2.0,2.0,5.0,7.0,6.0,3.0,5.0,8.0,5.0,9.0,8.0,12.0
8829a138d3fffff,"POLYGON ((-13213940.06735799 4132586.547427075, -13214589.74097118 4132779.063361848, -13214731.39300111 4133442.598908323, -13214223.32986664 4133913.657378267, -13213573.60121406 4133721.125090574, -13213431.99073996 4133057.550689661, -13213940.06735799 4132586.547427075))",0.0,0.0,0.0,0.0,0.0,0.0,0.0,0.0,,0.0,0.0,0.0,['8829a138d3fffff'],"['8829a138dbfffff', '8829a12325fffff', '8829a13899fffff', '8829a138d7fffff', '8829a1232dfffff', '8829a138d1fffff', '8829a138d3fffff']","['8829a1389bfffff', '8829a12325fffff', '8829a1232dfffff', '8829a12367fffff', '8829a138d5fffff', '8829a138d7fffff', '8829a138d9fffff', '8829a1389dfffff', '8829a138ddfffff', '8829a12329fffff', '8829a138d3fffff', '8829a12365fffff', '8829a13891fffff', '8829a138dbfffff', '8829a12321fffff', '8829a13899fffff', '8829a1388bfffff', '8829a138d1fffff', '8829a12327fffff']",0.0,0.0,0.0,0.0,0.0,0.0,0.0,0.0,0.0,0.0,0.0,7,0.0,0.0,0.0,0.0,0.0,0.0,0.0,0.0,0.0,0.0,0.0,19,0.0,0.0,0.0,0.0,0.0,0.0,0.0,0.0,0.0,0.0,0.0,0.0,0.0,0.0,0.0,0.0,0.0,0.0,0.0,0.0,0.0,0.0,Unincorporated,Unincorporated,CO,Land,5,,,,,,,,,,,False,,,,,,,,0.0,1.0,2.0,0.0,1.0,1.0,0.0,0.0,2.0,3.0,3.0,2.0,2.0,1.0
8829a14049fffff,"POLYGON ((-13128919.77260259 4104546.481864715, -13129569.45752097 4104744.417070497, -13129707.57744635 4105409.464142407, -13129195.96992872 4105876.613216355, -13128546.23097398 4105678.659920855, -13128408.15357773 4105013.575645115, -13128919.77260259 4104546.481864715))",4.0,0.0,0.0,0.0,0.0,0.0,0.0,0.0,,0.0,0.0,0.0,['8829a14049fffff'],"['8829a14227fffff', '8829a1404bfffff', '8829a1404dfffff', '8829a14041fffff', '8829a14223fffff', '8829a14049fffff', '8829a14235fffff']","['8829a14237fffff', '8829a14227fffff', '8829a14223fffff', '8829a14041fffff', '8829a14231fffff', '8829a1404bfffff', '8829a14235fffff', '8829a14313fffff', '8829a14225fffff', '8829a1405dfffff', '8829a1423dfffff', '8829a14043fffff', '8829a14221fffff', '8829a14049fffff', '8829a1422bfffff', '8829a14047fffff', '8829a1404dfffff', '8829a1431bfffff', '8829a14045fffff']",28.0,0.0,0.0,0.0,0.0,0.0,0.0,0.0,0.0,0.0,0.0,7,70.0,0.0,0.0,0.0,0.0,0.0,0.0,1.0,0.0,0.0,0.0,19,4.0,0.0,0.0,0.0,0.0,0.0,0.0,0.0,0.0,0.0,0.0,3.6842105263157894,0.0,0.0,0.0,0.0,0.0,0.0,0.05263157894736842,0.0,0.0,0.0,Unincorporated,Unincorporated,CO,Land,5,40.7,40.7,,,False,False,False,False,False,False,True,2.0,1.0,1.0,3.0,2.0,4.0,0.0,7.0,3.0,5.0,5.0,5.0,10.0,3.0,15.0,15.0,15.0,13.0,17.0,19.0,11.0
8829a12029fffff,"POLYGON ((-13221796.08334839 4138019.114783542, -13222445.86936631 4138211.109443611, -13222587.87260603 4138874.573347019, -13222080.04835287 4139346.081611015, -13221430.20718458 4139154.070750799, -13221288.24542446 4138490.567830522, -13221796.08334839 4138019.114783542))",0.0,0.0,0.0,0.0,0.0,0.0,0.0,0.0,,0.0,0.0,0.0,['8829a12029fffff'],"['8829a12021fffff', '8829a1202dfffff', '8829a12029fffff', '8829a1202bfffff', '8829a12067fffff', '8829a12063fffff', '8829a12005fffff']","['8829a12007fffff', '8829a1215bfffff', '8829a1202dfffff', '8829a12063fffff', '8829a12067fffff', '8829a12027fffff', '8829a12061fffff', '8829a12029fffff', '8829a1202bfffff', '8829a12025fffff', '8829a12065fffff', '8829a1203dfffff', '8829a12021fffff', '8829a12023fffff', '8829a1200dfffff', '8829a1206bfffff', '8829a12153fffff', '8829a12005fffff', '8829a12001fffff']",0.0,0.0,0.0,0.0,0.0,0.0,0.0,0.0,0.0,0.0,0.0,5,0.0,0.0,0.0,0.0,0.0,0.0,0.0,0.0,0.0,0.0,0.0,11,0.0,0.0,0.0,0.0,0.0,0.0,0.0,0.0,0.0,0.0,0.0,0.0,0.0,0.0,0.0,0.0,0.0,0.0,0.0,0.0,0.0,0.0,Unincorporated,Unincorporated,CO,Land,5,,,,,,,,,,,False,,,,,,,,,,,,,,,,,,,,,
8829a1d0d1fffff,"POLYGON ((-13154682.36345278 4035922.8988459, -13155328.73150795 4036119.562870923, -13155467.2116256 4036782.087036777, -13154959.28188647 4037247.984576332, -13154312.86004191 4037051.303234028, -13154174.42173034 4036388.741673318, -13154682.36345278 4035922.8988459))",4.0,0.0,0.0,0.0,0.0,1.0,0.0,3.0,0.0,0.0,0.0,0.0,['8829a1d0d1fffff'],"['8829a1d0dbfffff', '8829a1d0d7fffff', '8829a1d0d9fffff', '8829a1d0d3fffff', '8829a1d0d5fffff', '8829a1d0ddfffff', '8829a1d0d1fffff']","['8829a1d72dfffff', '8829a1d0d3fffff', '8829a1d725fffff', '8829a1d0c3fffff', '8829a1d08bfffff', '8829a1d765fffff', '8829a1d767fffff', '8829a1d2b7fffff', '8829a1d0d7fffff', '8829a1d0d1fffff', '8829a1d0dbfffff', '8829a1d089fffff', '8829a1d099fffff', '8829a1d2b3fffff', '8829a1d09dfffff', '8829a1d0d9fffff', '8829a1d0d5fffff', '8829a1d0ddfffff', '8829a1d0cbfffff']",26.0,0.0,0.0,0.0,0.0,13.0,1.0,18.0,0.0,0.0,0.0,7,77.0,0.0,0.0,0.0,0.0,20.0,14.0,46.0,0.0,0.0,0.0,19,3.7142857142857144,0.0,0.0,0.0,0.0,1.8571428571428572,0.14285714285714285,2.5714285714285716,0.0,0.0,0.0,4.052631578947368,0.0,0.0,0.0,0.0,1.0526315789473684,0.7368421052631579,2.4210526315789473,0.0,0.0,0.0,Unincorporated,Unincorporated,CO,Land,1,95.5,101.7,7.0,1.0,True,True,False,True,True,False,True,15.0,33.0,31.0,33.0,26.0,20.0,16.0,84.0,116.0,105.0,109.0,124.0,97.0,85.0,236.0,272.0,258.0,277.0,286.0,233.0,199.0
8829a15261fffff,"POLYGON ((-13128180.82414323 4077548.760252719, -13128829.34979472 4077746.859156725, -13128967.19254334 4078411.199172183, -13128456.46725913 4078877.477369161, -13127807.88777274 4078679.360449342, -13127670.08740996 4078014.983352331, -13128180.82414323 4077548.760252719))",0.0,0.0,0.0,0.0,0.0,0.0,0.0,0.0,,0.0,0.0,0.0,['8829a15261fffff'],"['8829a15265fffff', '8829a15263fffff', '8829a1526dfffff', '8829a15261fffff', '8829a15269fffff', '8829a15267fffff', '8829a1526bfffff']","['8829a1526dfffff', '8829a15247fffff', '8829a1535bfffff', '8829a15229fffff', '8829a15265fffff', '8829a1c993fffff', '8829a15263fffff', '8829a1520dfffff', '8829a15269fffff', '8829a15267fffff', '8829a15359fffff', '8829a15245fffff', '8829a1c9bbfffff', '8829a1526bfffff', '8829a1c9b3fffff', '8829a15261fffff', '8829a1c997fffff', '8829a1522dfffff', '8829a15205fffff']",0.0,0.0,0.0,0.0,0.0,0.0,0.0,0.0,0.0,0.0,0.0,7,0.0,0.0,0.0,0.0,0.0,0.0,0.0,0.0,0.0,0.0,0.0,19,0.0,0.0,0.0,0.0,0.0,0.0,0.0,0.0,0.0,0.0,0.0,0.0,0.0,0.0,0.0,0.0,0.0,0.0,0.0,0.0,0.0,0.0,Unincorporated,Unincorporated,CO,Land,5,,,,,,,,,,,False,,,,,,,,,,,,,,,8.0,9.0,2.0,10.0,7.0,6.0,5.0
8829a17b3bfffff,"POLYGON ((-13143746.00659585 4137716.855772902, -13144396.9320848 4137913.719015205, -13144535.93332741 4138579.264143891, -13144023.96656294 4139047.983643512, -13143372.98665375 4138851.102518211, -13143234.02793382 4138185.519780271, -13143746.00659585 4137716.855772902))",0.0,0.0,0.0,0.0,0.0,0.0,0.0,0.0,,0.0,0.0,0.0,['8829a17b3bfffff'],"['8829a17b3bfffff', '8829a17b17fffff', '8829a1786dfffff', '8829a17b33fffff', '8829a17b31fffff', '8829a17b15fffff', '8829a17b39fffff']","['8829a17b35fffff', '8829a17b03fffff', '8829a17b07fffff', '8829a17b3bfffff', '8829a17b17fffff', '8829a17b11fffff', '8829a17b31fffff', '8829a17865fffff', '8829a17861fffff', '8829a17b33fffff', '8829a17b3dfffff', '8829a17b15fffff', '8829a17959fffff', '8829a17b39fffff', '8829a17869fffff', '8829a17b13fffff', '8829a1786dfffff', '8829a17b1dfffff', '8829a17b37fffff']",0.0,0.0,0.0,0.0,0.0,0.0,0.0,0.0,0.0,0.0,0.0,7,0.0,0.0,0.0,0.0,0.0,0.0,0.0,0.0,0.0,0.0,0.0,15,0.0,0.0,0.0,0.0,0.0,0.0,0.0,0.0,0.0,0.0,0.0,0.0,0.0,0.0,0.0,0.0,0.0,0.0,0.0,0.0,0.0,0.0,Unincorporated,Unincorporated,CO,Land,5,,,,,,,,,,,False,,,,,,,,,,,,,,,,,,,,,
8829a1d935fffff,"POLYGON ((-13118518.49212617 4048466.782872563, -13119165.88816164 4048665.595971917, -13119303.0905009 4049329.394581414, -13118792.85446214 4049794.416883777, -13118145.40489379 4049595.585658855, -13118008.24490152 4048931.750261103, -13118518.49212617 4048466.782872563))",5.0,0.0,0.0,0.0,0.0,0.0,1.0,0.0,0.0,0.0,0.0,0.0,['8829a1d935fffff'],"['8829a1d93dfffff', '8829a1d937fffff', '8829a1d923fffff', '8829a1d935fffff', '8829a036c9fffff', '8829a1d931fffff', '8829a036cbfffff']","['8829a036c3fffff', '8829a1d933fffff', '8829a036c1fffff', '8829a1d92bfffff', '8829a1d93bfffff', '8829a1d935fffff', '8829a036cdfffff', '8829a1d931fffff', '8829a036d9fffff', '8829a1d937fffff', '8829a1d939fffff', '8829a036c9fffff', '8829a1d93dfffff', '8829a1d923fffff', '8829a1d921fffff', '8829a036ddfffff', '8829a1d907fffff', '8829a1d927fffff', '8829a036cbfffff']",24.0,0.0,0.0,0.0,0.0,0.0,3.0,1.0,0.0,0.0,0.0,7,46.0,0.0,0.0,0.0,0.0,0.0,5.0,6.0,0.0,0.0,0.0,19,3.4285714285714284,0.0,0.0,0.0,0.0,0.0,0.42857142857142855,0.14285714285714285,0.0,0.0,0.0,2.4210526315789473,0.0,0.0,0.0,0.0,0.0,0.2631578947368421,0.3157894736842105,0.0,0.0,0.0,Glendora,City,Glendora,Land,5,64.4,40.7,4.0,2.0,False,False,False,False,True,False,True,1.0,1.0,0.0,0.0,0.0,0.0,0.0,10.0,6.0,6.0,3.0,2.0,5.0,7.0,24.0,27.0,34.0,27.0,17.0,14.0,16.0
8829a17725fffff,"POLYGON ((-13176739.34360263 4135187.61076987, -13177389.69274439 4135382.430645442, -13177529.94387913 4136047.037406335, -13177019.80380643 4136516.862493576, -13176369.39994903 4136322.025453642, -13176229.19088457 4135657.380494726, -13176739.34360263 4135187.61076987))",0.0,0.0,0.0,0.0,0.0,0.0,0.0,0.0,,0.0,0.0,0.0,['8829a17725fffff'],"['8829a17727fffff', '8829a1709bfffff', '8829a17721fffff', '8829a17725fffff', '8829a17099fffff', '8829a170d3fffff', '8829a1772dfffff']","['8829a170d3fffff', '8829a17091fffff', '8829a1709bfffff', '8829a1754dfffff', '8829a17725fffff', '8829a17099fffff', '8829a1772dfffff', '8829a17549fffff', '8829a17723fffff', '8829a17721fffff', '8829a1772bfffff', '8829a1709dfffff', '8829a17729fffff', '8829a17767fffff', '8829a170d7fffff', '8829a17727fffff', '8829a170dbfffff', '8829a170d1fffff', '8829a17093fffff']",10.0,0.0,0.0,0.0,0.0,0.0,0.0,0.0,0.0,0.0,0.0,7,28.0,0.0,0.0,0.0,0.0,0.0,0.0,0.0,0.0,0.0,0.0,19,1.4285714285714286,0.0,0.0,0.0,0.0,0.0,0.0,0.0,0.0,0.0,0.0,1.4736842105263157,0.0,0.0,0.0,0.0,0.0,0.0,0.0,0.0,0.0,0.0,Unincorporated,Unincorporated,CO,Land,5,,,,,,,,,,,False,,,,,,,,,,,,,,,1.0,0.0,1.0,0.0,0.0,1.0,1.0
8829a17715fffff,"POLYGON ((-13182171.12008088 4134946.049846038, -13182821.37901151 4135140.532505029, -13182961.83670424 4135804.987812498, -13182451.99347461 4136274.99875985, -13181801.67977931 4136080.499054401, -13181661.26408291 4135416.005451937, -13182171.12008088 4134946.049846038))",3.0,0.0,0.0,0.0,0.0,0.0,0.0,0.0,,0.0,0.0,0.0,['8829a17715fffff'],"['8829a17703fffff', '8829a17711fffff', '8829a1773bfffff', '8829a17739fffff', '8829a17717fffff', '8829a17715fffff', '8829a1771dfffff']","['8829a17739fffff', '8829a17469fffff', '8829a1770bfffff', '8829a17707fffff', '8829a17715fffff', '8829a17757fffff', '8829a17701fffff', '8829a17731fffff', '8829a17703fffff', '8829a17711fffff', '8829a1773bfffff', '8829a17713fffff', '8829a17719fffff', '8829a1773dfffff', '8829a17733fffff', '8829a1746dfffff', '8829a1771bfffff', '8829a17717fffff', '8829a1771dfffff']",13.0,0.0,0.0,0.0,0.0,0.0,0.0,0.0,0.0,0.0,0.0,7,41.0,0.0,0.0,0.0,0.0,0.0,0.0,0.0,0.0,0.0,0.0,19,1.8571428571428572,0.0,0.0,0.0,0.0,0.0,0.0,0.0,0.0,0.0,0.0,2.1578947368421053,0.0,0.0,0.0,0.0,0.0,0.0,0.0,0.0,0.0,0.0,Unincorporated,Unincorporated,CO,Land,5,40.7,40.7,,,False,False,False,False,False,False,True,,,,,,,,0.0,1.0,0.0,0.0,0.0,0.0,0.0,2.0,1.0,0.0,0.0,0.0,2.0,0.0
8829a1c0e3fffff,"POLYGON ((-13150379.3496962 4058824.398985057, -13151026.76548761 4059021.22046392, -13151165.29187124 4059684.479127293, -13150656.36047757 4060150.953725494, -13150008.89077296 4059954.11476477, -13149870.40637972 4059290.818691614, -13150379.3496962 4058824.398985057))",0.0,0.0,0.0,0.0,0.0,0.0,0.0,0.0,,0.0,0.0,0.0,['8829a1c0e3fffff'],"['8829a1c085fffff', '8829a1c0e7fffff', '8829a1c0e1fffff', '8829a1c08dfffff', '8829a1c0e3fffff', '8829a1c0ebfffff', '8829a1c0a9fffff']","['8829a1c087fffff', '8829a1c089fffff', '8829a1c0e7fffff', '8829a1c0e5fffff', '8829a1c0a1fffff', '8829a1c0ebfffff', '8829a1c0e9fffff', '8829a1c0edfffff', '8829a1c08dfffff', '8829a1c0c7fffff', '8829a1c0e3fffff', '8829a1c1dbfffff', '8829a1c085fffff', '8829a1c0c5fffff', '8829a1c0abfffff', '8829a1c0e1fffff', '8829a1c0adfffff', '8829a1c0a9fffff', '8829a1c081fffff']",0.0,0.0,0.0,0.0,0.0,0.0,0.0,0.0,0.0,0.0,0.0,7,3.0,0.0,0.0,0.0,0.0,0.0,0.0,0.0,0.0,0.0,0.0,19,0.0,0.0,0.0,0.0,0.0,0.0,0.0,0.0,0.0,0.0,0.0,0.15789473684210525,0.0,0.0,0.0,0.0,0.0,0.0,0.0,0.0,0.0,0.0,Unincorporated,Unincorporated,CO,Land,5,,,,,,,,,,,False,,,,,,,,,,,,,,,,,,,,,
8829a5684bfffff,"POLYGON ((-13147311.30560268 4006391.26312795, -13147956.50500149 4006588.506868545, -13148094.43037518 4007250.413309773, -13147587.11461668 4007715.113156796, -13146941.86170912 4007517.852035634, -13146803.97807326 4006855.908451887, -13147311.30560268 4006391.26312795))",4.0,0.0,0.0,0.0,0.0,0.0,0.0,0.0,,0.0,0.0,0.0,['8829a5684bfffff'],"['8829a5684bfffff', '8829a56849fffff', '8829a5685dfffff', '8829a56841fffff', '8829a56a37fffff', '8829a56a35fffff', '8829a56843fffff']","['8829a56859fffff', '8829a56a23fffff', '8829a56855fffff', '8829a56851fffff', '8829a56849fffff', '8829a56a31fffff', '8829a56a35fffff', '8829a56845fffff', '8829a5684bfffff', '8829a5685dfffff', '8829a5684dfffff', '8829a56841fffff', '8829a56a37fffff', '8829a56a27fffff', '8829a56a3dfffff', '8829a56809fffff', '8829a56847fffff', '8829a56a33fffff', '8829a56843fffff']",28.0,0.0,0.0,0.0,0.0,0.0,0.0,0.0,0.0,0.0,0.0,7,77.0,0.0,0.0,0.0,0.0,4.0,0.0,5.0,0.0,0.0,0.0,19,4.0,0.0,0.0,0.0,0.0,0.0,0.0,0.0,0.0,0.0,0.0,4.052631578947368,0.0,0.0,0.0,0.0,0.21052631578947367,0.0,0.2631578947368421,0.0,0.0,0.0,Lakewood,City,Lakewood,Land,4,59.0,40.7,4.0,4.0,False,False,False,True,False,False,True,2.0,1.0,2.0,1.0,2.0,1.0,0.0,36.0,35.0,50.0,49.0,41.0,29.0,30.0,112.0,139.0,177.0,173.0,158.0,137.0,106.0
8829a182c3fffff,"POLYGON ((-13212140.53562488 4035912.010007385, -13212786.05400387 4036105.174776242, -13212926.72549561 4036766.176439437, -13212421.83756648 4037234.05175924, -13211776.26487073 4037040.870897355, -13211635.63442541 4036379.830812429, -13212140.53562488 4035912.010007385))",0.0,0.0,0.0,0.0,0.0,0.0,0.0,0.0,,0.0,0.0,0.0,['8829a182c3fffff'],"['8829a182ddfffff', '8829a182c7fffff', '8829a182c1fffff', '8829a18289fffff', '8829a182c3fffff', '8829a182cbfffff', '8829a182d5fffff']","['8829a182c9fffff', '8829a18281fffff', '8829a1828bfffff', '8829a182c7fffff', '8829a182c1fffff', '8829a182c3fffff', '8829a182d9fffff', '8829a1828dfffff', '8829a182ebfffff', '8829a19537fffff', '8829a182ddfffff', '8829a182d5fffff', '8829a182c5fffff', '8829a182d7fffff', '8829a18289fffff', '8829a19535fffff', '8829a182cbfffff', '8829a182cdfffff', '8829a182d1fffff']",3.0,0.0,0.0,0.0,0.0,0.0,0.0,0.0,0.0,0.0,0.0,7,19.0,0.0,0.0,0.0,0.0,0.0,0.0,0.0,0.0,0.0,0.0,19,0.42857142857142855,0.0,0.0,0.0,0.0,0.0,0.0,0.0,0.0,0.0,0.0,1.0,0.0,0.0,0.0,0.0,0.0,0.0,0.0,0.0,0.0,0.0,Unincorporated,Unincorporated,CO,Land,3,,,,,,,,,,,False,,,,,,,,2.0,0.0,7.0,2.0,6.0,1.0,1.0,5.0,3.0,10.0,10.0,10.0,2.0,7.0
8829a18541fffff,"POLYGON ((-13214309.58735512 4048942.004526809, -13214955.63362435 4049134.965981237, -13215096.50986047 4049796.2615721, -13214591.29874305 4050264.634226239, -13213945.19804307 4050071.656685799, -13213804.36289581 4049410.322580975, -13214309.58735512 4048942.004526809))",0.0,0.0,0.0,0.0,0.0,0.0,0.0,0.0,,0.0,0.0,0.0,['8829a18541fffff'],"['8829a18543fffff', '8829a18547fffff', '8829a1854dfffff', '8829a18541fffff', '8829a18549fffff', '8829a18545fffff', '8829a1854bfffff']","['8829a18547fffff', '8829a18723fffff', '8829a18555fffff', '8829a18727fffff', '8829a18543fffff', '8829a18569fffff', '8829a18735fffff', '8829a1854dfffff', '8829a18509fffff', '8829a1855dfffff', '8829a1850dfffff', '8829a18549fffff', '8829a18737fffff', '8829a1854bfffff', '8829a1856bfffff', '8829a18093fffff', '8829a1809bfffff', '8829a18541fffff', '8829a18545fffff']",15.0,0.0,0.0,0.0,0.0,0.0,1.0,3.0,0.0,0.0,0.0,7,36.0,0.0,0.0,0.0,0.0,5.0,1.0,5.0,0.0,0.0,0.0,17,2.142857142857143,0.0,0.0,0.0,0.0,0.0,0.14285714285714285,0.42857142857142855,0.0,0.0,0.0,2.1176470588235294,0.0,0.0,0.0,0.0,0.29411764705882354,0.058823529411764705,0.29411764705882354,0.0,0.0,0.0,Calabasas,City,Calabasas,Land,3,,,,,,,,,,,False,,,,,,,,9.0,13.0,28.0,27.0,22.0,20.0,9.0,41.0,29.0,59.0,76.0,57.0,48.0,27.0
8829a1d515fffff,"POLYGON ((-13159070.00379417 4045322.80479775, -13159716.71547634 4045519.157889601, -13159855.45079738 4046181.823430828, -13159347.43263975 4046648.173396203, -13158700.66705942 4046451.803050641, -13158561.97353937 4045789.099997285, -13159070.00379417 4045322.80479775))",5.0,0.0,0.0,0.0,0.0,0.0,4.0,0.0,0.0,0.0,0.0,0.0,['8829a1d515fffff'],"['8829a1d51dfffff', '8829a1d503fffff', '8829a1d511fffff', '8829a1d517fffff', '8829a1d53bfffff', '8829a1d539fffff', '8829a1d515fffff']","['8829a1d501fffff', '8829a1d5edfffff', '8829a1d519fffff', '8829a1d503fffff', '8829a1d507fffff', '8829a1d513fffff', '8829a1d517fffff', '8829a1d53bfffff', '8829a1d539fffff', '8829a1d50bfffff', '8829a1d557fffff', '8829a1d511fffff', '8829a1d531fffff', '8829a1d51dfffff', '8829a1d53dfffff', '8829a1d533fffff', '8829a1d5e9fffff', '8829a1d51bfffff', '8829a1d515fffff']",32.0,0.0,0.0,0.0,0.0,0.0,15.0,13.0,0.0,0.0,0.0,7,85.0,0.0,0.0,0.0,0.0,7.0,39.0,30.0,0.0,0.0,0.0,19,4.571428571428571,0.0,0.0,0.0,0.0,0.0,2.142857142857143,1.8571428571428572,0.0,0.0,0.0,4.473684210526316,0.0,0.0,0.0,0.0,0.3684210526315789,2.0526315789473686,1.5789473684210527,0.0,0.0,0.0,Los Angeles,City,Los Angeles,Land,1,59.0,24.1,4.0,3.0,False,False,False,False,True,False,True,2.0,2.0,1.0,3.0,2.0,1.0,0.0,60.0,64.0,79.0,68.0,76.0,50.0,30.0,173.0,176.0,208.0,183.0,174.0,167.0,99.0
8829a1c1d7fffff,"POLYGON ((-13146539.1040283 4060762.411375386, -13147186.65651432 4060959.459028271, -13147325.05303373 4061622.870104847, -13146815.85502005 4062089.270880483, -13146168.24864338 4061892.20565769, -13146029.89417552 4061228.757233079, -13146539.1040283 4060762.411375386))",0.0,0.0,0.0,0.0,0.0,0.0,0.0,0.0,,0.0,0.0,0.0,['8829a1c1d7fffff'],"['8829a1c18bfffff', '8829a1c1d3fffff', '8829a1c1d1fffff', '8829a1c1d5fffff', '8829a1c199fffff', '8829a1c19dfffff', '8829a1c1d7fffff']","['8829a1c183fffff', '8829a1c1d3fffff', '8829a1c181fffff', '8829a1c1ddfffff', '8829a1c1d7fffff', '8829a1c1c3fffff', '8829a1c18bfffff', '8829a1c191fffff', '8829a1c189fffff', '8829a1c0a5fffff', '8829a1c1d5fffff', '8829a1c1d9fffff', '8829a1c1d1fffff', '8829a1c19bfffff', '8829a1c199fffff', '8829a1c1dbfffff', '8829a1c195fffff', '8829a1c19dfffff', '8829a1c0adfffff']",0.0,0.0,0.0,0.0,0.0,0.0,0.0,0.0,0.0,0.0,0.0,7,3.0,0.0,0.0,1.0,0.0,0.0,0.0,0.0,0.0,0.0,0.0,19,0.0,0.0,0.0,0.0,0.0,0.0,0.0,0.0,0.0,0.0,0.0,0.15789473684210525,0.0,0.0,0.05263157894736842,0.0,0.0,0.0,0.0,0.0,0.0,0.0,Unincorporated,Unincorporated,CO,Land,5,49.4,49.4,2.0,2.0,False,False,False,False,False,False,True,,,,,,,,0.0,0.0,0.0,0.0,2.0,0.0,0.0,4.0,2.0,1.0,4.0,4.0,0.0,1.0
8829a1d923fffff,"POLYGON ((-13117733.95903423 4047604.123283576, -13118381.32801861 4047802.987771017, -13118518.49212617 4048466.782872563, -13118008.24490152 4048931.750261103, -13117360.82239806 4048732.867634292, -13117223.70064277 4048069.035762277, -13117733.95903423 4047604.123283576))",4.0,0.0,0.0,0.0,0.0,0.0,1.0,0.0,0.0,0.0,0.0,0.0,['8829a1d923fffff'],"['8829a1d93dfffff', '8829a1d923fffff', '8829a1d921fffff', '8829a1d927fffff', '8829a1d92bfffff', '8829a1d935fffff', '8829a036c9fffff']","['8829a036c1fffff', '8829a1d905fffff', '8829a1d925fffff', '8829a1d92bfffff', '8829a1d92dfffff', '8829a0361bfffff', '8829a1d935fffff', '8829a036cdfffff', '8829a1d931fffff', '8829a1d929fffff', '8829a1d937fffff', '8829a1d939fffff', '8829a036c9fffff', '8829a1d93dfffff', '8829a1d923fffff', '8829a1d921fffff', '8829a1d907fffff', '8829a1d927fffff', '8829a036cbfffff']",25.0,0.0,0.0,0.0,0.0,0.0,3.0,4.0,0.0,0.0,0.0,7,57.0,0.0,0.0,0.0,0.0,0.0,5.0,5.0,0.0,0.0,0.0,19,3.5714285714285716,0.0,0.0,0.0,0.0,0.0,0.42857142857142855,0.5714285714285714,0.0,0.0,0.0,3.0,0.0,0.0,0.0,0.0,0.0,0.2631578947368421,0.2631578947368421,0.0,0.0,0.0,Glendora,City,Glendora,Land,5,72.4,40.7,2.0,2.0,False,False,False,True,False,False,True,1.0,1.0,1.0,2.0,1.0,1.0,1.0,12.0,12.0,10.0,13.0,9.0,8.0,4.0,29.0,41.0,47.0,33.0,22.0,23.0,20.0
8829a130a1fffff,"POLYGON ((-13226546.88388003 4123270.470144111, -13227195.95340606 4123462.255246269, -13227337.99738074 4124125.200900735, -13226830.93050058 4124596.400496407, -13226181.80589034 4124404.599343097, -13226039.80324911 4123741.614649033, -13226546.88388003 4123270.470144111))",3.0,0.0,0.0,0.0,0.0,0.0,0.0,0.0,,0.0,0.0,0.0,['8829a130a1fffff'],"['8829a130abfffff', '8829a130a7fffff', '8829a130a9fffff', '8829a130a5fffff', '8829a130a3fffff', '8829a130a1fffff', '8829a130adfffff']","['8829a130bdfffff', '8829a131dbfffff', '8829a13199fffff', '8829a13085fffff', '8829a130b5fffff', '8829a131d3fffff', '8829a1319bfffff', '8829a1224dfffff', '8829a130a5fffff', '8829a12249fffff', '8829a130e7fffff', '8829a130e3fffff', '8829a130a7fffff', '8829a13087fffff', '8829a130a9fffff', '8829a130a1fffff', '8829a130adfffff', '8829a130abfffff', '8829a130a3fffff']",9.0,0.0,0.0,0.0,0.0,0.0,0.0,0.0,0.0,0.0,0.0,7,13.0,0.0,0.0,0.0,0.0,1.0,0.0,0.0,0.0,0.0,0.0,18,1.2857142857142858,0.0,0.0,0.0,0.0,0.0,0.0,0.0,0.0,0.0,0.0,0.7222222222222222,0.0,0.0,0.0,0.0,0.05555555555555555,0.0,0.0,0.0,0.0,0.0,Unincorporated,Unincorporated,CO,Land,5,40.7,40.2,2.0,2.0,False,False,False,True,False,False,True,,,,,,,,,,,,,,,3.0,3.0,1.0,9.0,0.0,6.0,8.0
8829a1ca27fffff,"POLYGON ((-13127565.48405432 4059944.451977186, -13128213.25704713 4060142.664329873, -13128350.91427707 4060806.543532154, -13127840.75622425 4061272.247385247, -13127192.92952874 4061074.017061519, -13127055.31459323 4060410.100859691, -13127565.48405432 4059944.451977186))",0.0,0.0,0.0,0.0,0.0,0.0,0.0,0.0,,0.0,0.0,0.0,['8829a1ca27fffff'],"['8829a1ca27fffff', '8829a1c84dfffff', '8829a1c849fffff', '8829a1cb1bfffff', '8829a1ca21fffff', '8829a1ca25fffff', '8829a1ca23fffff']","['8829a1ca3dfffff', '8829a1cb13fffff', '8829a1cb19fffff', '8829a1ca2dfffff', '8829a1cb11fffff', '8829a1ca2bfffff', '8829a1ca29fffff', '8829a1c84bfffff', '8829a1c841fffff', '8829a1ca27fffff', '8829a1cb1bfffff', '8829a1ca21fffff', '8829a1ca35fffff', '8829a1ca25fffff', '8829a1c845fffff', '8829a1c84dfffff', '8829a1c849fffff', '8829a1cb53fffff', '8829a1ca23fffff']",0.0,0.0,0.0,0.0,0.0,0.0,0.0,0.0,0.0,0.0,0.0,7,0.0,0.0,0.0,0.0,0.0,0.0,0.0,0.0,0.0,0.0,0.0,19,0.0,0.0,0.0,0.0,0.0,0.0,0.0,0.0,0.0,0.0,0.0,0.0,0.0,0.0,0.0,0.0,0.0,0.0,0.0,0.0,0.0,0.0,Unincorporated,Unincorporated,CO,Land,5,,,,,,,,,,,False,,,,,,,,,,,,,,,,,,,,,
8829a18f33fffff,"POLYGON ((-13199079.11601305 4059874.220882054, -13199725.86912653 4060068.055422088, -13199866.2691511 4060730.055623154, -13199359.87471426 4061198.259576678, -13198713.06722786 4061004.408591329, -13198572.70855577 4060342.370101559, -13199079.11601305 4059874.220882054))",4.0,0.0,0.0,0.0,0.0,0.0,1.0,2.0,0.0,0.0,0.0,0.0,['8829a18f33fffff'],"['8829a18c6dfffff', '8829a18f31fffff', '8829a18d59fffff', '8829a18f33fffff', '8829a18f3bfffff', '8829a18f37fffff', '8829a18c65fffff']","['8829a18f31fffff', '8829a18f33fffff', '8829a18f3bfffff', '8829a18f37fffff', '8829a18c69fffff', '8829a18d51fffff', '8829a18d5bfffff', '8829a18d5dfffff', '8829a18d59fffff', '8829a18c67fffff', '8829a18f17fffff', '8829a18f15fffff', '8829a18c65fffff', '8829a18f3dfffff', '8829a18f39fffff', '8829a18c6dfffff', '8829a18d4bfffff', '8829a18f35fffff', '8829a18c61fffff']",28.0,0.0,0.0,0.0,0.0,0.0,5.0,19.0,0.0,0.0,0.0,7,77.0,0.0,0.0,0.0,0.0,0.0,24.0,58.0,0.0,0.0,0.0,19,4.0,0.0,0.0,0.0,0.0,0.0,0.7142857142857143,2.7142857142857144,0.0,0.0,0.0,4.052631578947368,0.0,0.0,0.0,0.0,0.0,1.263157894736842,3.0526315789473686,0.0,0.0,0.0,Los Angeles,City,Los Angeles,Land,5,64.4,38.6,7.0,2.0,False,False,False,False,True,False,True,6.0,9.0,13.0,17.0,10.0,9.0,6.0,73.0,106.0,98.0,124.0,109.0,97.0,61.0,270.0,361.0,331.0,374.0,355.0,346.0,232.0
8829a17841fffff,"POLYGON ((-13148024.18515688 4137763.120686, -13148675.0539072 4137959.717115118, -13148814.22120313 4138625.151408009, -13148302.47728686 4139094.026963267, -13147651.55407475 4138897.412742984, -13147512.42924525 4138231.940762575, -13148024.18515688 4137763.120686))",0.0,0.0,0.0,0.0,0.0,0.0,0.0,0.0,,0.0,0.0,0.0,['8829a17841fffff'],"['8829a17845fffff', '8829a17849fffff', '8829a17847fffff', '8829a17841fffff', '8829a17843fffff', '8829a1784bfffff', '8829a1784dfffff']","['8829a17a23fffff', '8829a17809fffff', '8829a1784bfffff', '8829a1780dfffff', '8829a17845fffff', '8829a1785dfffff', '8829a17841fffff', '8829a17a37fffff', '8829a17855fffff', '8829a1786bfffff', '8829a17849fffff', '8829a17b1bfffff', '8829a17847fffff', '8829a17a35fffff', '8829a17843fffff', '8829a17a27fffff', '8829a17869fffff', '8829a17b13fffff', '8829a1784dfffff']",0.0,0.0,0.0,0.0,0.0,0.0,0.0,0.0,0.0,0.0,0.0,7,0.0,0.0,0.0,0.0,0.0,0.0,0.0,0.0,0.0,0.0,0.0,15,0.0,0.0,0.0,0.0,0.0,0.0,0.0,0.0,0.0,0.0,0.0,0.0,0.0,0.0,0.0,0.0,0.0,0.0,0.0,0.0,0.0,0.0,Unincorporated,Unincorporated,CO,Land,5,,,,,,,,,,,False,,,,,,,,,,,,,,,,,,,,,
8829a1509bfffff,"POLYGON ((-13137706.59194372 4094144.450159531, -13138355.70854391 4094341.889277573, -13138494.07257398 4095006.429902077, -13137983.27765317 4095473.568734878, -13137334.10700656 4095276.111749506, -13137195.78533168 4094611.533802622, -13137706.59194372 4094144.450159531))",0.0,0.0,0.0,0.0,0.0,0.0,0.0,0.0,,0.0,0.0,0.0,['8829a1509bfffff'],"['8829a15727fffff', '8829a15099fffff', '8829a1509bfffff', '8829a1554dfffff', '8829a15725fffff', '8829a15093fffff', '8829a15091fffff']","['8829a15569fffff', '8829a15725fffff', '8829a15549fffff', '8829a15727fffff', '8829a1509dfffff', '8829a15097fffff', '8829a15095fffff', '8829a15723fffff', '8829a15721fffff', '8829a1509bfffff', '8829a15091fffff', '8829a15099fffff', '8829a150d3fffff', '8829a15545fffff', '8829a15541fffff', '8829a1572dfffff', '8829a1554dfffff', '8829a15093fffff', '8829a150d7fffff']",0.0,0.0,0.0,0.0,0.0,0.0,0.0,0.0,0.0,0.0,0.0,7,7.0,0.0,0.0,0.0,0.0,0.0,0.0,0.0,0.0,0.0,0.0,19,0.0,0.0,0.0,0.0,0.0,0.0,0.0,0.0,0.0,0.0,0.0,0.3684210526315789,0.0,0.0,0.0,0.0,0.0,0.0,0.0,0.0,0.0,0.0,Unincorporated,Unincorporated,CO,Land,5,,,,,,,,,,,False,,,,,,,,,,,,,,,3.0,3.0,0.0,0.0,1.0,3.0,1.0
8829a1cd17fffff,"POLYGON ((-13141384.76833546 4079708.036856661, -13142033.2101877 4079905.314760096, -13142171.58296862 4080569.371613653, -13141661.47167626 4081036.187898727, -13141012.97584629 4080838.892253959, -13140874.64529091 4080174.798069387, -13141384.76833546 4079708.036856661))",0.0,0.0,0.0,0.0,0.0,0.0,0.0,0.0,,0.0,0.0,0.0,['8829a1cd17fffff'],"['8829a1cd13fffff', '8829a1cd3bfffff', '8829a1cd11fffff', '8829a1cde9fffff', '8829a1cd15fffff', '8829a1cd17fffff', '8829a1cdedfffff']","['8829a1cd13fffff', '8829a1cd19fffff', '8829a1cd11fffff', '8829a1cd39fffff', '8829a1cdebfffff', '8829a1cde9fffff', '8829a1cd1dfffff', '8829a1cd03fffff', '8829a1cd17fffff', '8829a1cd31fffff', '8829a1cdedfffff', '8829a1cd3bfffff', '8829a1cd33fffff', '8829a1cde1fffff', '8829a1cd1bfffff', '8829a1cdc5fffff', '8829a1cd15fffff', '8829a1cdcdfffff', '8829a1cde5fffff']",0.0,0.0,0.0,0.0,0.0,0.0,0.0,0.0,0.0,0.0,0.0,7,0.0,0.0,0.0,0.0,0.0,0.0,0.0,0.0,0.0,0.0,0.0,19,0.0,0.0,0.0,0.0,0.0,0.0,0.0,0.0,0.0,0.0,0.0,0.0,0.0,0.0,0.0,0.0,0.0,0.0,0.0,0.0,0.0,0.0,Unincorporated,Unincorporated,CO,Land,5,,,,,,,,,,,False,,,,,,,,,,,,,,,,,,,,,
8829a15435fffff,"POLYGON ((-13146328.10588904 4100497.708960569, -13146977.38029734 4100694.586713655, -13147116.13615107 4101359.073314328, -13146605.57532311 4101826.719671022, -13145956.24673965 4101629.824214059, -13145817.53316382 4100965.300108229, -13146328.10588904 4100497.708960569))",0.0,0.0,0.0,0.0,0.0,0.0,0.0,0.0,,0.0,0.0,0.0,['8829a15435fffff'],"['8829a15431fffff', '8829a15423fffff', '8829a1543dfffff', '8829a155c9fffff', '8829a15435fffff', '8829a15437fffff', '8829a155cbfffff']","['8829a155ddfffff', '8829a15433fffff', '8829a155c3fffff', '8829a1543bfffff', '8829a155d9fffff', '8829a15427fffff', '8829a15423fffff', '8829a15421fffff', '8829a155cdfffff', '8829a155c9fffff', '8829a15435fffff', '8829a15437fffff', '8829a155c1fffff', '8829a1542bfffff', '8829a155cbfffff', '8829a15431fffff', '8829a15439fffff', '8829a15407fffff', '8829a1543dfffff']",17.0,0.0,0.0,0.0,0.0,0.0,0.0,1.0,0.0,0.0,0.0,7,50.0,0.0,0.0,0.0,0.0,0.0,0.0,4.0,0.0,0.0,0.0,19,2.4285714285714284,0.0,0.0,0.0,0.0,0.0,0.0,0.14285714285714285,0.0,0.0,0.0,2.6315789473684212,0.0,0.0,0.0,0.0,0.0,0.0,0.21052631578947367,0.0,0.0,0.0,Palmdale,City,Palmdale,Land,5,,,,,,,,,,,False,,,,,,,,8.0,11.0,15.0,16.0,14.0,20.0,9.0,21.0,39.0,40.0,44.0,41.0,47.0,34.0
8829a1702bfffff,"POLYGON ((-13165403.76341104 4130539.71304273, -13166054.07422423 4130735.262567454, -13166193.8453876 4131400.047614958, -13165683.26354722 4131869.321115595, -13165032.89815908 4131673.754197588, -13164893.16919085 4131008.931176147, -13165403.76341104 4130539.71304273))",4.0,0.0,0.0,0.0,0.0,0.0,0.0,0.0,,0.0,0.0,0.0,['8829a1702bfffff'],"['8829a1703dfffff', '8829a17029fffff', '8829a1702bfffff', '8829a17007fffff', '8829a17005fffff', '8829a17023fffff', '8829a17021fffff']","['8829a1703dfffff', '8829a17005fffff', '8829a17039fffff', '8829a17001fffff', '8829a1700dfffff', '8829a17027fffff', '8829a17023fffff', '8829a17029fffff', '8829a17007fffff', '8829a17067fffff', '8829a17025fffff', '8829a17021fffff', '8829a1702dfffff', '8829a17063fffff', '8829a1702bfffff', '8829a17003fffff', '8829a17035fffff', '8829a17031fffff', '8829a171c9fffff']",24.0,0.0,0.0,0.0,0.0,0.0,0.0,0.0,0.0,0.0,0.0,7,60.0,0.0,0.0,0.0,0.0,0.0,0.0,0.0,0.0,0.0,0.0,19,3.4285714285714284,0.0,0.0,0.0,0.0,0.0,0.0,0.0,0.0,0.0,0.0,3.1578947368421053,0.0,0.0,0.0,0.0,0.0,0.0,0.0,0.0,0.0,0.0,Unincorporated,Unincorporated,CO,Land,5,40.7,40.7,,,False,False,False,False,False,False,True,,,,,,,,0.0,0.0,1.0,0.0,0.0,0.0,0.0,1.0,1.0,2.0,2.0,1.0,1.0,1.0
8829a1d533fffff,"POLYGON ((-13158331.26897112 4047580.864700676, -13158978.08845426 4047777.252311399, -13159116.81633162 4048439.998510297, -13158608.68290707 4048906.394610305, -13157961.80951647 4048709.98972298, -13157823.12346238 4048047.206016121, -13158331.26897112 4047580.864700676))",4.0,0.0,0.0,0.0,0.0,0.0,0.0,0.0,,0.0,0.0,0.0,['8829a1d533fffff'],"['8829a1d533fffff', '8829a1d537fffff', '8829a1d5edfffff', '8829a1d5e5fffff', '8829a1c2d9fffff', '8829a1d53bfffff', '8829a1d531fffff']","['8829a1d537fffff', '8829a1d5edfffff', '8829a1c2ddfffff', '8829a1d5e7fffff', '8829a1c2d9fffff', '8829a1d53bfffff', '8829a1d535fffff', '8829a1d517fffff', '8829a1d539fffff', '8829a1d5e1fffff', '8829a1c2cbfffff', '8829a1d531fffff', '8829a1d53dfffff', '8829a1d533fffff', '8829a1d5e5fffff', '8829a1c2dbfffff', '8829a1c2d1fffff', '8829a1d5e9fffff', '8829a1d515fffff']",29.0,0.0,0.0,0.0,0.0,2.0,0.0,4.0,0.0,0.0,0.0,7,71.0,0.0,0.0,0.0,0.0,8.0,7.0,16.0,0.0,0.0,0.0,19,4.142857142857143,0.0,0.0,0.0,0.0,0.2857142857142857,0.0,0.5714285714285714,0.0,0.0,0.0,3.736842105263158,0.0,0.0,0.0,0.0,0.42105263157894735,0.3684210526315789,0.8421052631578947,0.0,0.0,0.0,Los Angeles,City,Los Angeles,Land,1,40.7,104.6,5.0,2.0,True,False,False,True,True,False,True,1.0,7.0,8.0,7.0,8.0,4.0,4.0,42.0,50.0,45.0,48.0,34.0,41.0,25.0,113.0,135.0,134.0,137.0,119.0,114.0,68.0
8829a105c5fffff,"POLYGON ((-13200753.20754251 4110644.936201901, -13201402.13233783 4110838.394407962, -13201543.0734304 4111501.707351638, -13201035.04812077 4111971.600621191, -13200386.06856713 4111778.125847104, -13200245.16908603 4111114.774375308, -13200753.20754251 4110644.936201901))",0.0,0.0,0.0,0.0,0.0,0.0,0.0,0.0,,0.0,0.0,0.0,['8829a105c5fffff'],"['8829a105c1fffff', '8829a105c5fffff', '8829a10513fffff', '8829a105ebfffff', '8829a105e9fffff', '8829a105cdfffff', '8829a105c7fffff']","['8829a105c1fffff', '8829a1051bfffff', '8829a105c5fffff', '8829a10513fffff', '8829a10427fffff', '8829a105cbfffff', '8829a105cdfffff', '8829a105c7fffff', '8829a105edfffff', '8829a1058dfffff', '8829a10517fffff', '8829a105c3fffff', '8829a10589fffff', '8829a105ebfffff', '8829a105e9fffff', '8829a105e1fffff', '8829a105e3fffff', '8829a105c9fffff', '8829a10511fffff']",0.0,0.0,0.0,0.0,0.0,0.0,0.0,0.0,0.0,0.0,0.0,7,0.0,0.0,0.0,0.0,0.0,0.0,0.0,0.0,0.0,0.0,0.0,19,0.0,0.0,0.0,0.0,0.0,0.0,0.0,0.0,0.0,0.0,0.0,0.0,0.0,0.0,0.0,0.0,0.0,0.0,0.0,0.0,0.0,0.0,Unincorporated,Unincorporated,CO,Land,5,,,,,,,,,,,False,,,,,,,,,,,,,,,0.0,0.0,1.0,0.0,0.0,0.0,0.0
8829a12205fffff,"POLYGON ((-13225512.2539901 4129796.763917651, -13226161.62350878 4129988.57508835, -13226303.69015009 4130651.72102205, -13225796.34589374 4131123.094837346, -13225146.92125198 4130931.267572745, -13225004.89599428 4130268.082590527, -13225512.2539901 4129796.763917651))",0.0,0.0,0.0,0.0,0.0,0.0,0.0,0.0,,0.0,0.0,0.0,['8829a12205fffff'],"['8829a12263fffff', '8829a1222bfffff', '8829a12201fffff', '8829a12229fffff', '8829a12207fffff', '8829a12205fffff', '8829a1220dfffff']","['8829a12201fffff', '8829a1222dfffff', '8829a12267fffff', '8829a1223dfffff', '8829a1220dfffff', '8829a12239fffff', '8829a12229fffff', '8829a1220bfffff', '8829a12261fffff', '8829a12247fffff', '8829a12263fffff', '8829a1222bfffff', '8829a12207fffff', '8829a12223fffff', '8829a12209fffff', '8829a12203fffff', '8829a12205fffff', '8829a12221fffff', '8829a1226bfffff']",3.0,0.0,0.0,0.0,0.0,2.0,0.0,0.0,0.0,0.0,0.0,7,19.0,0.0,0.0,0.0,0.0,5.0,0.0,0.0,0.0,0.0,0.0,19,0.42857142857142855,0.0,0.0,0.0,0.0,0.2857142857142857,0.0,0.0,0.0,0.0,0.0,1.0,0.0,0.0,0.0,0.0,0.2631578947368421,0.0,0.0,0.0,0.0,0.0,Unincorporated,Unincorporated,CO,Land,5,,,,,,,,,,,False,,,,,,,,4.0,2.0,4.0,3.0,2.0,3.0,0.0,9.0,7.0,13.0,8.0,8.0,12.0,8.0
8829a14287fffff,"POLYGON ((-13136343.09356175 4108051.38908203, -13136992.83128058 4108248.84947215, -13137131.2710517 4108913.798082236, -13136619.93065672 4109381.32365991, -13135970.13880422 4109183.845327184, -13135831.74148489 4108518.859363362, -13136343.09356175 4108051.38908203))",0.0,0.0,0.0,0.0,0.0,0.0,0.0,0.0,,0.0,0.0,0.0,['8829a14287fffff'],"['8829a142bdfffff', '8829a14281fffff', '8829a14287fffff', '8829a14285fffff', '8829a14283fffff', '8829a142abfffff', '8829a142b9fffff']","['8829a142b1fffff', '8829a142b9fffff', '8829a14281fffff', '8829a142b5fffff', '8829a14283fffff', '8829a142e3fffff', '8829a1428bfffff', '8829a142bdfffff', '8829a1428dfffff', '8829a142bbfffff', '8829a1429dfffff', '8829a14287fffff', '8829a142a3fffff', '8829a14289fffff', '8829a142a9fffff', '8829a142abfffff', '8829a142a1fffff', '8829a14285fffff', '8829a14295fffff']",0.0,0.0,0.0,0.0,0.0,0.0,0.0,0.0,0.0,0.0,0.0,7,11.0,0.0,0.0,0.0,0.0,0.0,0.0,1.0,0.0,0.0,0.0,19,0.0,0.0,0.0,0.0,0.0,0.0,0.0,0.0,0.0,0.0,0.0,0.5789473684210527,0.0,0.0,0.0,0.0,0.0,0.0,0.05263157894736842,0.0,0.0,0.0,Unincorporated,Unincorporated,CO,Land,5,49.4,49.4,,,False,False,False,False,False,False,True,0.0,0.0,0.0,4.0,3.0,0.0,0.0,1.0,1.0,0.0,5.0,3.0,0.0,0.0,11.0,9.0,11.0,12.0,5.0,4.0,9.0
8829a10a57fffff,"POLYGON ((-13171500.68442775 4098772.867415734, -13172149.52922931 4098968.198220861, -13172289.23836519 4099631.976889631, -13171780.06076842 4100100.462711276, -13171131.16156578 4099905.114747297, -13170991.49436554 4099241.298124403, -13171500.68442775 4098772.867415734))",3.0,0.0,0.0,0.0,0.0,0.0,0.0,0.0,,0.0,0.0,0.0,['8829a10a57fffff'],"['8829a10a0bfffff', '8829a10a55fffff', '8829a10a19fffff', '8829a10a53fffff', '8829a10a51fffff', '8829a10a1dfffff', '8829a10a57fffff']","['8829a10a1bfffff', '8829a10a0bfffff', '8829a10125fffff', '8829a10a59fffff', '8829a10a19fffff', '8829a10a11fffff', '8829a10a09fffff', '8829a10a51fffff', '8829a10a43fffff', '8829a10a01fffff', '8829a10a55fffff', '8829a10a15fffff', '8829a1012dfffff', '8829a10a53fffff', '8829a10a03fffff', '8829a10a5dfffff', '8829a10a5bfffff', '8829a10a1dfffff', '8829a10a57fffff']",15.0,0.0,0.0,0.0,0.0,0.0,0.0,0.0,0.0,0.0,0.0,7,34.0,0.0,0.0,0.0,0.0,0.0,0.0,0.0,0.0,0.0,0.0,19,2.142857142857143,0.0,0.0,0.0,0.0,0.0,0.0,0.0,0.0,0.0,0.0,1.7894736842105263,0.0,0.0,0.0,0.0,0.0,0.0,0.0,0.0,0.0,0.0,Unincorporated,Unincorporated,CO,Land,5,59.0,38.6,,,False,False,False,False,False,False,True,,,,,,,,0.0,2.0,1.0,2.0,1.0,1.0,1.0,1.0,4.0,2.0,4.0,4.0,3.0,3.0
8829a10ce1fffff,"POLYGON ((-13188548.38571435 4121920.263564329, -13189197.98410826 4122114.418396966, -13189338.56418364 4122778.35848043, -13188829.50403172 4123248.182091155, -13188179.85090922 4123054.010391644, -13188039.31267182 4122390.031952138, -13188548.38571435 4121920.263564329))",0.0,0.0,0.0,0.0,0.0,0.0,0.0,0.0,,0.0,0.0,0.0,['8829a10ce1fffff'],"['8829a10ce1fffff', '8829a10cebfffff', '8829a10cedfffff', '8829a10ce7fffff', '8829a10ce9fffff', '8829a10ce3fffff', '8829a10ce5fffff']","['8829a10ce1fffff', '8829a10cadfffff', '8829a10cc7fffff', '8829a10c8dfffff', '8829a10dd9fffff', '8829a10ca9fffff', '8829a10c33fffff', '8829a10c3bfffff', '8829a10ce7fffff', '8829a10ce9fffff', '8829a10cc5fffff', '8829a10cebfffff', '8829a10cedfffff', '8829a10ddbfffff', '8829a10c85fffff', '8829a10ce5fffff', '8829a10c17fffff', '8829a10c13fffff', '8829a10ce3fffff']",6.0,0.0,0.0,0.0,0.0,0.0,0.0,0.0,0.0,0.0,0.0,7,9.0,0.0,0.0,0.0,0.0,0.0,0.0,0.0,0.0,0.0,0.0,19,0.8571428571428571,0.0,0.0,0.0,0.0,0.0,0.0,0.0,0.0,0.0,0.0,0.47368421052631576,0.0,0.0,0.0,0.0,0.0,0.0,0.0,0.0,0.0,0.0,Unincorporated,Unincorporated,CO,Land,5,,,,,,,,,,,False,,,,,,,,,,,,,,,,,,,,,
8829a38683fffff,"POLYGON ((-13099689.61838892 4131164.333083092, -13100340.83411538 4131363.967075685, -13100478.06157182 4132030.475069146, -13099964.03024434 4132497.385846581, -13099312.76057814 4132297.733048669, -13099175.57618365 4131631.18828272, -13099689.61838892 4131164.333083092))",0.0,0.0,0.0,0.0,0.0,0.0,0.0,0.0,,0.0,0.0,0.0,['8829a38683fffff'],"['8829a38681fffff', '8829a38687fffff', '8829a3868bfffff', '8829a386b9fffff', '8829a38683fffff', '8829a38695fffff', '8829a3869dfffff']","['8829a38697fffff', '8829a386d5fffff', '8829a3868bfffff', '8829a38685fffff', '8829a38691fffff', '8829a3868dfffff', '8829a386bdfffff', '8829a38681fffff', '8829a386b1fffff', '8829a386bbfffff', '8829a38699fffff', '8829a386abfffff', '8829a38689fffff', '8829a38683fffff', '8829a3869dfffff', '8829a38687fffff', '8829a386d7fffff', '8829a386b9fffff', '8829a38695fffff']",0.0,0.0,0.0,0.0,0.0,0.0,0.0,0.0,0.0,0.0,0.0,7,0.0,0.0,0.0,0.0,0.0,0.0,0.0,0.0,0.0,0.0,0.0,15,0.0,0.0,0.0,0.0,0.0,0.0,0.0,0.0,0.0,0.0,0.0,0.0,0.0,0.0,0.0,0.0,0.0,0.0,0.0,0.0,0.0,0.0,Unincorporated,Unincorporated,CO,Land,5,,,,,,,,,,,False,,,,,,,,,,,,,,,,,,,,,
8829a10db7fffff,"POLYGON ((-13182857.81521328 4129550.116751452, -13183507.82950371 4129744.585071056, -13183648.26290413 4130408.879449404, -13183138.64006186 4130878.743797158, -13182488.57103986 4130684.25846342, -13182348.17959629 4130019.925799934, -13182857.81521328 4129550.116751452))",0.0,0.0,0.0,0.0,0.0,0.0,0.0,0.0,,0.0,0.0,0.0,['8829a10db7fffff'],"['8829a10db1fffff', '8829a17759fffff', '8829a10db5fffff', '8829a1774bfffff', '8829a10db7fffff', '8829a1775dfffff', '8829a10db3fffff']","['8829a17749fffff', '8829a10dbdfffff', '8829a17665fffff', '8829a10db9fffff', '8829a1775bfffff', '8829a10dbbfffff', '8829a10db1fffff', '8829a1774bfffff', '8829a17741fffff', '8829a10db7fffff', '8829a17759fffff', '8829a10db5fffff', '8829a17755fffff', '8829a17743fffff', '8829a17751fffff', '8829a1775dfffff', '8829a10da3fffff', '8829a1766dfffff', '8829a10db3fffff']",9.0,0.0,0.0,0.0,0.0,0.0,0.0,0.0,0.0,0.0,0.0,7,26.0,0.0,0.0,0.0,0.0,0.0,0.0,0.0,0.0,0.0,0.0,19,1.2857142857142858,0.0,0.0,0.0,0.0,0.0,0.0,0.0,0.0,0.0,0.0,1.368421052631579,0.0,0.0,0.0,0.0,0.0,0.0,0.0,0.0,0.0,0.0,Unincorporated,Unincorporated,CO,Land,5,,,,,,,,,,,False,,,,,,,,0.0,0.0,0.0,0.0,0.0,1.0,0.0,0.0,1.0,0.0,0.0,0.0,1.0,0.0
8829a14a1dfffff,"POLYGON ((-13114265.33676596 4113162.416381592, -13114915.58659874 4113361.22095108, -13115053.21692496 4114026.875830291, -13114540.55465352 4114493.763113535, -13113890.25086581 4114294.940112052, -13113752.66330897 4113629.248263351, -13114265.33676596 4113162.416381592))",4.0,0.0,0.0,0.0,0.0,0.0,0.0,0.0,,0.0,0.0,0.0,['8829a14a1dfffff'],"['8829a14a1dfffff', '8829a14a57fffff', '8829a14a0bfffff', '8829a14a19fffff', '8829a14a15fffff', '8829a14a03fffff', '8829a14a11fffff']","['8829a14a39fffff', '8829a14a1dfffff', '8829a14a51fffff', '8829a14a53fffff', '8829a14a17fffff', '8829a14a1bfffff', '8829a14a01fffff', '8829a14a0bfffff', '8829a14125fffff', '8829a14a09fffff', '8829a14a19fffff', '8829a14a15fffff', '8829a14a03fffff', '8829a14a11fffff', '8829a14a55fffff', '8829a14a3bfffff', '8829a14a13fffff', '8829a14a07fffff', '8829a14a57fffff']",27.0,0.0,0.0,0.0,0.0,0.0,0.0,0.0,0.0,0.0,0.0,7,67.0,0.0,0.0,0.0,0.0,0.0,0.0,0.0,0.0,0.0,0.0,19,3.857142857142857,0.0,0.0,0.0,0.0,0.0,0.0,0.0,0.0,0.0,0.0,3.526315789473684,0.0,0.0,0.0,0.0,0.0,0.0,0.0,0.0,0.0,0.0,Unincorporated,Unincorporated,CO,Land,5,40.7,40.7,,,False,False,False,False,False,False,True,0.0,0.0,0.0,0.0,0.0,0.0,1.0,0.0,0.0,1.0,0.0,2.0,0.0,1.0,2.0,2.0,6.0,6.0,8.0,3.0,6.0
